number;title;source;text
;Spotify;https://www.spotify.com/in-en/legal/privacy-policy/;
;Google;https://policies.google.com/privacy?hl=en-US#europeanrequirements;
;Netflix;https://help.netflix.com/legal/privacy;
;Airbnb;https://www.airbnb.com/help/article/3175;
;Booking.com;https://www.booking.com/content/privacy.html;
;TikTok;https://www.tiktok.com/legal/page/eea/privacy-policy/en;
;Amazon;https://www.amazon.it/-/en/gp/help/customer/display.html?nodeId=GX7NJQ4ZB8MHFRNJ;
;Apple;https://www.apple.com/legal/privacy/en-ww/;
;Microsoft;https://www.microsoft.com/en-gb/privacy/privacystatement;
;Twitter;https://privacy.x.com/en;